,id_album,album,id_song,song_name
0,06mXfvDsRZNfnsGZvX2zpb,Music Of The Spheres,1a3G9SNslcKsPAOuIikaxd,ü™ê
1,06mXfvDsRZNfnsGZvX2zpb,Music Of The Spheres,65OR4ywy8Cgs3FDHK82Idl,Higher Power
2,06mXfvDsRZNfnsGZvX2zpb,Music Of The Spheres,23BO6YozrAXUta1buxFZ80,Humankind
3,06mXfvDsRZNfnsGZvX2zpb,Music Of The Spheres,1danObd53GynoY83wRz3Ua,‚ú®
4,06mXfvDsRZNfnsGZvX2zpb,Music Of The Spheres,4cGqn0E8JCSY9gQllQj4Mf,Let Somebody Go
5,06mXfvDsRZNfnsGZvX2zpb,Music Of The Spheres,3oTYv0yShT4sjuPncoUXfK,‚ù§Ô∏è
6,06mXfvDsRZNfnsGZvX2zpb,Music Of The Spheres,5ophZLHA9mwSZhQSmboyDN,People of The Pride
7,06mXfvDsRZNfnsGZvX2zpb,Music Of The Spheres,2L2mM3rEO3arNIMQnb3dou,Biutyful
8,06mXfvDsRZNfnsGZvX2zpb,Music Of The Spheres,0RbekAlUrwR6ZWJdwB3V4y,üåé
9,06mXfvDsRZNfnsGZvX2zpb,Music Of The Spheres,46HNZY1i7O6jwTA7Slo2PI,My Universe
10,06mXfvDsRZNfnsGZvX2zpb,Music Of The Spheres,2wleRXcIPqltoDPLMH5WDa,‚ôæ
11,06mXfvDsRZNfnsGZvX2zpb,Music Of The Spheres,0jH7gF7KCk2Lom9gimaKms,Coloratura
12,2FeyIYDDAQqcOJKOKhvHdr,Everyday Life,6Tb7Zfo4PcSiS4TqQ4NnTh,Sunrise
13,2FeyIYDDAQqcOJKOKhvHdr,Everyday Life,1e8D1BCD2afT56Km7UahpB,Church
14,2FeyIYDDAQqcOJKOKhvHdr,Everyday Life,45PqOIkZ9PdCjsCJQYzx9G,Trouble In Town
15,2FeyIYDDAQqcOJKOKhvHdr,Everyday Life,1cXXhzPnbrXjNQYbLdUJdy,BrokEn
16,2FeyIYDDAQqcOJKOKhvHdr,Everyday Life,3pcPPhPAiurm2Ior11SHrz,Daddy
17,2FeyIYDDAQqcOJKOKhvHdr,Everyday Life,7jib2tJjQ82kTIZZATMvAK,WOTW / POTP
18,2FeyIYDDAQqcOJKOKhvHdr,Everyday Life,0ZlVUhjO8c0bOx1D2Btznf,Arabesque
19,2FeyIYDDAQqcOJKOKhvHdr,Everyday Life,0UvUivL70eDwhTWBd8S38I,When I Need A Friend
20,2FeyIYDDAQqcOJKOKhvHdr,Everyday Life,6VzRvCbolqcUswaSPm48rI,Guns
21,2FeyIYDDAQqcOJKOKhvHdr,Everyday Life,03T4ttRCiLXST6MZjeMwmR,Orphans
22,2FeyIYDDAQqcOJKOKhvHdr,Everyday Life,2HUtNS9qtfgWbnaagK6AAe,√àk√≥
23,2FeyIYDDAQqcOJKOKhvHdr,Everyday Life,4Kwhm5VU4huxmQtBqd1AXo,Cry Cry Cry
24,2FeyIYDDAQqcOJKOKhvHdr,Everyday Life,3E3zYgQul8EaJioNvD2tv9,Old Friends
25,2FeyIYDDAQqcOJKOKhvHdr,Everyday Life,6DGzLNiawTtntC9NHzeMeY,ÿ®ŸÜ€å ÿ¢ÿØŸÖ
26,2FeyIYDDAQqcOJKOKhvHdr,Everyday Life,6mf7BNgXs8JipPr2QILnyN,Champion Of The World
27,2FeyIYDDAQqcOJKOKhvHdr,Everyday Life,0h9fnCSnbUgOEgibnQByFv,Everyday Life
28,19CvkGjYpifkdwgVJSbog2,Live in Buenos Aires,5H8lr4az4Vo3LloH67yVRt,A Head Full of Dreams - Live in Buenos Aires
29,19CvkGjYpifkdwgVJSbog2,Live in Buenos Aires,2s2Ld1Xm7t88gSVvohNbPL,Yellow - Live in Buenos Aires
30,19CvkGjYpifkdwgVJSbog2,Live in Buenos Aires,4Q0yfgpERfkp59Pf2tdI4q,Every Teardrop Is a Waterfall - Live in Buenos Aires
31,19CvkGjYpifkdwgVJSbog2,Live in Buenos Aires,1aZhbOdRqshLS6uPjiO8Y4,The Scientist - Live in Buenos Aires
32,19CvkGjYpifkdwgVJSbog2,Live in Buenos Aires,2q8WO601qIwLwV4DgXDCiO,God Put a Smile upon Your Face - Live in Buenos Aires
33,19CvkGjYpifkdwgVJSbog2,Live in Buenos Aires,314gi4w3RdZxlocdWw0Khr,Paradise - Live in Buenos Aires
34,19CvkGjYpifkdwgVJSbog2,Live in Buenos Aires,0oAchaVoTWj6lXTR6f2dSU,Always in My Head - Live in Buenos Aires
35,19CvkGjYpifkdwgVJSbog2,Live in Buenos Aires,6EqxH0njjZuuI3gFZN3Z1o,Magic - Live in Buenos Aires
36,19CvkGjYpifkdwgVJSbog2,Live in Buenos Aires,4U5Cr41d1K6s48GAndvCdM,Everglow - Live in Buenos Aires
37,19CvkGjYpifkdwgVJSbog2,Live in Buenos Aires,4cHZ7W5R81upaIGZfqWxbB,Clocks - Live in Buenos Aires
38,19CvkGjYpifkdwgVJSbog2,Live in Buenos Aires,62OqszvOYSuonp6Buj4P74,Midnight - Live in Buenos Aires
39,19CvkGjYpifkdwgVJSbog2,Live in Buenos Aires,3ksF058sVZ21EgQdRLbUyI,Charlie Brown - Live in Buenos Aires
40,19CvkGjYpifkdwgVJSbog2,Live in Buenos Aires,0w6X9iRKrMyDpRRtbu4tE0,Hymn for the Weekend - Live in Buenos Aires
41,19CvkGjYpifkdwgVJSbog2,Live in Buenos Aires,7mGJlNOAOmJ5ptkmujg1Gv,Fix You - Live in Buenos Aires
42,19CvkGjYpifkdwgVJSbog2,Live in Buenos Aires,4Y9lVjRD82aJOQ2v13UIoF,Viva La Vida - Live in Buenos Aires
43,19CvkGjYpifkdwgVJSbog2,Live in Buenos Aires,3ERJLifTcWBFNZRl6QAqEC,Adventure of a Lifetime - Live in Buenos Aires
44,19CvkGjYpifkdwgVJSbog2,Live in Buenos Aires,1aQKPnGNa5vK7aA6lTm4JS,De M√∫sica Ligera - Live in Buenos Aires
45,19CvkGjYpifkdwgVJSbog2,Live in Buenos Aires,5MVyXzR1HARqSkQjhPrNBO,Colour Spectrum - Live in Buenos Aires
46,19CvkGjYpifkdwgVJSbog2,Live in Buenos Aires,0o7htzPrB8bP0jnyjiqUdj,In My Place - Live in Buenos Aires
47,19CvkGjYpifkdwgVJSbog2,Live in Buenos Aires,1rAZrYT0Ad4F1RiDaxYknE,Amor Argentina - Live in Buenos Aires
48,19CvkGjYpifkdwgVJSbog2,Live in Buenos Aires,0hreO9tj5yiYftUuVThaea,Something Just like This - Live in Buenos Aires
49,19CvkGjYpifkdwgVJSbog2,Live in Buenos Aires,1EMFnyhETKfI52uhI4baGY,A Sky Full of Stars - Live in Buenos Aires
50,19CvkGjYpifkdwgVJSbog2,Live in Buenos Aires,3glegOEXSkk8HanJe7ZB08,Up&Up - Live in Buenos Aires
51,19CvkGjYpifkdwgVJSbog2,Live in Buenos Aires,6c64ANGY0NfO2YMpbcJUOR,End Credits - Live in Buenos Aires
52,3cfAM8b8KqJRoIzt3zLKqw,A Head Full of Dreams,6f49kbOuQSOsStBpyGvQfA,A Head Full of Dreams
53,3cfAM8b8KqJRoIzt3zLKqw,A Head Full of Dreams,3HWDWyIqWuLsTHECx9DvXF,Birds
54,3cfAM8b8KqJRoIzt3zLKqw,A Head Full of Dreams,3RiPr603aXAoi4GHyXx0uy,Hymn for the Weekend
55,3cfAM8b8KqJRoIzt3zLKqw,A Head Full of Dreams,5qfZRNjt2TkHEL12r3sDEU,Everglow
56,3cfAM8b8KqJRoIzt3zLKqw,A Head Full of Dreams,69uxyAqqPIsUyTO8txoP2M,Adventure of a Lifetime
57,3cfAM8b8KqJRoIzt3zLKqw,A Head Full of Dreams,7fJFDK6XjYsXcMKNHESbot,Fun (feat. Tove Lo)
58,3cfAM8b8KqJRoIzt3zLKqw,A Head Full of Dreams,7IX7VAXujvcZ3e1PG7sGP7,Kaleidoscope
59,3cfAM8b8KqJRoIzt3zLKqw,A Head Full of Dreams,4giCxIFPZNQIP4bIZM4sqH,Army of One
60,3cfAM8b8KqJRoIzt3zLKqw,A Head Full of Dreams,3wtV2ifnHzirkAElgTGh63,Amazing Day
61,3cfAM8b8KqJRoIzt3zLKqw,A Head Full of Dreams,3VqiD8Yvk6bKwqS1e64PHB,Colour Spectrum
62,3cfAM8b8KqJRoIzt3zLKqw,A Head Full of Dreams,31L9yLXSj6LpCFupyMV6CR,Up&Up
63,1hNS0RsxPTFjmKXCgmjSLS,Ghost Stories Live 2014,0zM6Zj4Iao1tJFHWc2PsrL,"Always in My Head - Live at the Royal Albert Hall, London"
64,1hNS0RsxPTFjmKXCgmjSLS,Ghost Stories Live 2014,3bVwuZb0nYvAMn3roElQnY,"Magic - Live at the Enmore Theatre, Sydney"
65,1hNS0RsxPTFjmKXCgmjSLS,Ghost Stories Live 2014,29G1awyCr8RHz9EsTwqC6P,"Ink - Live at Le Casino De Paris, Paris"
66,1hNS0RsxPTFjmKXCgmjSLS,Ghost Stories Live 2014,4KmOOVu1sdBLKJbfEm4p1X,"True Love - Live at the Enmore Theatre, Sydney"
67,1hNS0RsxPTFjmKXCgmjSLS,Ghost Stories Live 2014,5lsz74yVLAvt3anpHZHCTS,"Midnight - Live at the Royal Albert Hall, London"
68,1hNS0RsxPTFjmKXCgmjSLS,Ghost Stories Live 2014,79fUOcp3p5YCkBD6ILl6Tz,"Another's Arms - Live at the Beacon Theatre, New York"
69,1hNS0RsxPTFjmKXCgmjSLS,Ghost Stories Live 2014,2OKnY0cqro0qsOijOondrr,"Oceans - Live at E-Werk, Cologne"
70,1hNS0RsxPTFjmKXCgmjSLS,Ghost Stories Live 2014,2WXTF0qgKbczC2O8VymeLO,"A Sky Full of Stars - Live at the Royal Albert Hall, London"
71,1hNS0RsxPTFjmKXCgmjSLS,Ghost Stories Live 2014,1ZAcQoFIdhYdKx8FaR4c3t,"O - Live at Royce Hall, Los Angeles"
72,2G4AUqfwxcV1UdQjm2ouYr,Ghost Stories,0FMjqbY3aWo1QDbo3GwXib,Always in My Head
73,2G4AUqfwxcV1UdQjm2ouYr,Ghost Stories,23khhseCLQqVMCIT1WMAns,Magic
74,2G4AUqfwxcV1UdQjm2ouYr,Ghost Stories,6c6W25YoDGjTq3qSPOga5t,Ink
75,2G4AUqfwxcV1UdQjm2ouYr,Ghost Stories,0fQuzbQNLcD1ofo7B2NcFI,True Love
76,2G4AUqfwxcV1UdQjm2ouYr,Ghost Stories,4GKk1uNzpxIptBuaY97Dkj,Midnight
77,2G4AUqfwxcV1UdQjm2ouYr,Ghost Stories,22uzF19LxQW87kOVkR79Fq,Another's Arms
78,2G4AUqfwxcV1UdQjm2ouYr,Ghost Stories,2u4uhtETtcULnkBfFHSnDX,Oceans
79,2G4AUqfwxcV1UdQjm2ouYr,Ghost Stories,0FDzzruyVECATHXKHFs9eJ,A Sky Full of Stars
80,2G4AUqfwxcV1UdQjm2ouYr,Ghost Stories,77yuzxCS3csrgTPSW0pvyk,O
81,2OkEsqGTfu8PWRrNHzfr0m,Live 2012,0ejLFn10FIMPNSwCmIviyR,Mylo Xyloto - Live
82,2OkEsqGTfu8PWRrNHzfr0m,Live 2012,1mw50a4DGRhkdMX7nOoLE4,Hurts Like Heaven - Live
83,2OkEsqGTfu8PWRrNHzfr0m,Live 2012,5OOloRWmvXZG3aQaeWjDNN,In My Place - Live 2012
84,2OkEsqGTfu8PWRrNHzfr0m,Live 2012,4WyX6hwqB1forx046ilrg2,Major Minus - Live
85,2OkEsqGTfu8PWRrNHzfr0m,Live 2012,58MrV6J9oS46ViY1N6gTJX,Yellow - Live
86,2OkEsqGTfu8PWRrNHzfr0m,Live 2012,7nyK4SxiizwxDRr4V2JJaF,God Put a Smile upon Your Face - Live
87,2OkEsqGTfu8PWRrNHzfr0m,Live 2012,0t1nm5TmszvLLVAOLiOrH8,Princess of China - Live
88,2OkEsqGTfu8PWRrNHzfr0m,Live 2012,7cmWfBUtzV8DQTw47nA5OD,Up in Flames - Live
89,2OkEsqGTfu8PWRrNHzfr0m,Live 2012,5ZV67iTfNpW3ueMCELLiSX,Viva La Vida - Live
90,2OkEsqGTfu8PWRrNHzfr0m,Live 2012,1u0LrLPnIfVeHOzFfye3Lf,Charlie Brown - Live
91,2OkEsqGTfu8PWRrNHzfr0m,Live 2012,1lWLwMV3peo5fJp5hHRCHS,Paradise - Live
92,2OkEsqGTfu8PWRrNHzfr0m,Live 2012,6i8gAfT84lsvS8R7ggDZKe,Us Against the World - Live
93,2OkEsqGTfu8PWRrNHzfr0m,Live 2012,7LIQNY8P7ZGxilKVX88MF1,Clocks - Live
94,2OkEsqGTfu8PWRrNHzfr0m,Live 2012,6L0uCWhXyBNncoDgfEvK1R,Fix You - Live
95,2OkEsqGTfu8PWRrNHzfr0m,Live 2012,3nbAuEdSqBVF5m2QwVYlzR,Every Teardrop Is a Waterfall - Live
96,2R7iJz5uaHjLEVnMkloO18,Mylo Xyloto,3vCzHYgSjMuGjFMfJSCx4c,Mylo Xyloto
97,2R7iJz5uaHjLEVnMkloO18,Mylo Xyloto,6WF4hzdGXvXd1joERSXJjm,Hurts Like Heaven
98,2R7iJz5uaHjLEVnMkloO18,Mylo Xyloto,6nek1Nin9q48AVZcWs9e9D,Paradise
99,2R7iJz5uaHjLEVnMkloO18,Mylo Xyloto,1yqMgZNrevsWMLWfO2PRp5,Charlie Brown
100,2R7iJz5uaHjLEVnMkloO18,Mylo Xyloto,5zyfzNnBzN7f7PVkJFnW2g,Us Against the World
101,2R7iJz5uaHjLEVnMkloO18,Mylo Xyloto,5Y7ztPw93VbAle55brM0jo,M.M.I.X.
102,2R7iJz5uaHjLEVnMkloO18,Mylo Xyloto,2U8g9wVcUu9wsg6i7sFSv8,Every Teardrop Is a Waterfall
103,2R7iJz5uaHjLEVnMkloO18,Mylo Xyloto,6maXBs9zUY48m1UNHgTeRC,Major Minus
104,2R7iJz5uaHjLEVnMkloO18,Mylo Xyloto,6BbIybrP84Tp99DLJg1cq3,U.F.O.
105,2R7iJz5uaHjLEVnMkloO18,Mylo Xyloto,4HXOBjwv2RnLpGG4xWOO6N,Princess of China
106,2R7iJz5uaHjLEVnMkloO18,Mylo Xyloto,06t6JWrU05BxaKPtct2P2n,Up in Flames
107,2R7iJz5uaHjLEVnMkloO18,Mylo Xyloto,6n1x3DYFDpRau83XsI32NU,A Hopeful Transmission
108,2R7iJz5uaHjLEVnMkloO18,Mylo Xyloto,69ho6gqRw1Rjy56tXlvnqk,Don't Let It Break Your Heart
109,2R7iJz5uaHjLEVnMkloO18,Mylo Xyloto,5lIFsEWj9IjNEALbHnPosE,Up with the Birds
110,3pboBm7GTa6V5dFXXCt52b,LeftRightLeftRightLeft (Live),6MR1HlTg8ARX1MqntlbDpr,"Glass of Water - Live in Sydney, 2009"
111,3pboBm7GTa6V5dFXXCt52b,LeftRightLeftRightLeft (Live),49UkdEi78uZGqQz4rWpkim,"42 - Live in Madrid, 2008"
112,3pboBm7GTa6V5dFXXCt52b,LeftRightLeftRightLeft (Live),2jo5mWVDLwBES6O7Xz58PD,"Clocks - Live in Madrid, 2008"
113,3pboBm7GTa6V5dFXXCt52b,LeftRightLeftRightLeft (Live),7jcMXBdTIXP1tf9cNXA4Mt,"Strawberry Swing - Live in Madrid, 2008"
114,3pboBm7GTa6V5dFXXCt52b,LeftRightLeftRightLeft (Live),3Pgiemb2bwxrVBYoUIhtsw,"The Hardest Part / Postcards from Far Away - Live in Sydney, 2009"
115,3pboBm7GTa6V5dFXXCt52b,LeftRightLeftRightLeft (Live),03fyMJOv5psp93rUj07g3S,"Viva La Vida - Live in Paris, 2008"
116,3pboBm7GTa6V5dFXXCt52b,LeftRightLeftRightLeft (Live),34jtZbCoyKjyuG1MmfgXzX,"Death Will Never Conquer - Live in Sydney, 2009"
117,3pboBm7GTa6V5dFXXCt52b,LeftRightLeftRightLeft (Live),0Ir2uqonLKO7JZwZM45558,"Fix You - Live in Sydney, 2009"
118,3pboBm7GTa6V5dFXXCt52b,LeftRightLeftRightLeft (Live),23l7E14oZQJ9tkIy5tdeRi,"Death and All His Friends - Live in Madrid, 2008"
119,71pRFAwHBLrjKYRG7V1Q2o,Viva La Vida (Prospekt's March Edition),7HD0RkIdJi0RxY6DWRktm3,Life in Technicolor
120,71pRFAwHBLrjKYRG7V1Q2o,Viva La Vida (Prospekt's March Edition),6kgssrFggqcBMtr4187OLK,Cemeteries of London
121,71pRFAwHBLrjKYRG7V1Q2o,Viva La Vida (Prospekt's March Edition),1qpeSaSifIDeJsGU6GskAz,Lost!
122,71pRFAwHBLrjKYRG7V1Q2o,Viva La Vida (Prospekt's March Edition),1X2v8JtRJhGQEy1QIhZnl7,42
123,71pRFAwHBLrjKYRG7V1Q2o,Viva La Vida (Prospekt's March Edition),7d0ouI5QwFd56ax0VnJyZk,Lovers in Japan
124,71pRFAwHBLrjKYRG7V1Q2o,Viva La Vida (Prospekt's March Edition),6Dj4PkcFdFggMneoibIBC7,Yes
125,71pRFAwHBLrjKYRG7V1Q2o,Viva La Vida (Prospekt's March Edition),7fcgisGFCr4mfbfNSztr84,Viva La Vida
126,71pRFAwHBLrjKYRG7V1Q2o,Viva La Vida (Prospekt's March Edition),3LKGi5hi5jPeQLJQSi9N8E,Violet Hill
127,71pRFAwHBLrjKYRG7V1Q2o,Viva La Vida (Prospekt's March Edition),0zVYSaFo1b2v8YDmx0QYEh,Strawberry Swing
128,71pRFAwHBLrjKYRG7V1Q2o,Viva La Vida (Prospekt's March Edition),0jj1vUOIRHKiWrWCQYFdD5,Death and All His Friends
129,71pRFAwHBLrjKYRG7V1Q2o,Viva La Vida (Prospekt's March Edition),7H7NI75DdeaOW7c70oYtjM,Life in Technicolor ii
130,71pRFAwHBLrjKYRG7V1Q2o,Viva La Vida (Prospekt's March Edition),7jAt4ULjZ9PMioduX71M9a,Postcards from Far Away
131,71pRFAwHBLrjKYRG7V1Q2o,Viva La Vida (Prospekt's March Edition),6bRjYP2M9N0vpsBBXFZSH1,Glass of Water
132,71pRFAwHBLrjKYRG7V1Q2o,Viva La Vida (Prospekt's March Edition),4uU1MxH2J6PInVrCUZUvu5,Rainy Day
133,71pRFAwHBLrjKYRG7V1Q2o,Viva La Vida (Prospekt's March Edition),258hi2JlI0gkGr3tlF6vPL,Prospekt's March / Poppyfields
134,71pRFAwHBLrjKYRG7V1Q2o,Viva La Vida (Prospekt's March Edition),2FbmJu9obAOMB3PCv2oic7,Lost+ (with Jay-Z)
135,71pRFAwHBLrjKYRG7V1Q2o,Viva La Vida (Prospekt's March Edition),4o70WSUfc85Y4599B3l1Rv,Lovers in Japan - Osaka Sun Mix
136,71pRFAwHBLrjKYRG7V1Q2o,Viva La Vida (Prospekt's March Edition),63tS04CMB2GsJUqX5LGaUQ,Now My Feet Won't Touch the Ground
137,1CEODgTmTwLyabvwd7HBty,Viva La Vida or Death and All His Friends,1rkbMXhEjIytsUGbhoR5pn,Life in Technicolor
138,1CEODgTmTwLyabvwd7HBty,Viva La Vida or Death and All His Friends,03uqdEuopXPSCg4MvgA2fI,Cemeteries of London
139,1CEODgTmTwLyabvwd7HBty,Viva La Vida or Death and All His Friends,1STAWoWHYJh2UVUx41pYMD,Lost!
140,1CEODgTmTwLyabvwd7HBty,Viva La Vida or Death and All His Friends,2i2Lz3FDIqYdsJZEWkEaTC,42
141,1CEODgTmTwLyabvwd7HBty,Viva La Vida or Death and All His Friends,5qPGi9p8VqcizfdgWxtmLt,Lovers in Japan
142,1CEODgTmTwLyabvwd7HBty,Viva La Vida or Death and All His Friends,04zfFfRMXegKi4mMkGMeze,Yes
143,1CEODgTmTwLyabvwd7HBty,Viva La Vida or Death and All His Friends,1mea3bSkSGXuIRvnydlB5b,Viva La Vida
144,1CEODgTmTwLyabvwd7HBty,Viva La Vida or Death and All His Friends,1ZqHjApl3pfzwjweTfMi0g,Violet Hill
145,1CEODgTmTwLyabvwd7HBty,Viva La Vida or Death and All His Friends,2dphvmoLEXdk8hOYxmHlI3,Strawberry Swing
146,1CEODgTmTwLyabvwd7HBty,Viva La Vida or Death and All His Friends,0guzngk1qWk5sgdYbThEGI,Death and All His Friends
147,4E7bV0pzG0LciBSWTszra6,X&Y,2zQIITgo6sc5ppOfPcH205,Square One
148,4E7bV0pzG0LciBSWTszra6,X&Y,39qRdHcl2tizWbzlM9kUlN,What If
149,4E7bV0pzG0LciBSWTszra6,X&Y,0WWz2AaqxLoO0fa9ou6Fqc,White Shadows
150,4E7bV0pzG0LciBSWTszra6,X&Y,7LVHVU3tWfcxj5aiPFEW4Q,Fix You
151,4E7bV0pzG0LciBSWTszra6,X&Y,4wzt5Rrk3W98pHXAqutuJw,Talk
152,4E7bV0pzG0LciBSWTszra6,X&Y,2rxp56vVQp1zzumJ0eHLmw,X&Y
153,4E7bV0pzG0LciBSWTszra6,X&Y,7clUVcSOtkNWa58Gw5RfD4,Speed of Sound
154,4E7bV0pzG0LciBSWTszra6,X&Y,2w3eXFL86RgxGtDr8bzwgK,A Message
155,4E7bV0pzG0LciBSWTszra6,X&Y,1BBtng1KOF0JuC6bSNgGmp,Low
156,4E7bV0pzG0LciBSWTszra6,X&Y,4Tw9JYF9HOuPRyccNWMgwf,The Hardest Part
157,4E7bV0pzG0LciBSWTszra6,X&Y,2u2WL5N3KnQnykOZi3fxL6,Swallowed in the Sea
158,4E7bV0pzG0LciBSWTszra6,X&Y,6kevl5fnM7GRJ2K2rBBnxq,Twisted Logic
159,4E7bV0pzG0LciBSWTszra6,X&Y,1wQXj5bgxyZQ2XmE2X9s6n,Til Kingdom Come
160,3JMOZD2qixTTLRW9I6JuF4,Live 2003,110a2YFVoGswehZi2kkVpp,Politik - Live in Sydney
161,3JMOZD2qixTTLRW9I6JuF4,Live 2003,6R2ZKXEdEEYXiODsC9Fr4L,God Put a Smile upon Your Face - Live in Sydney
162,3JMOZD2qixTTLRW9I6JuF4,Live 2003,5KFf0D8pLy4mzIlaJeV57P,A Rush of Blood to the Head - Live in Sydney
163,3JMOZD2qixTTLRW9I6JuF4,Live 2003,0bQQv5RqwLmOKNaMcfJ1If,One I Love - Live in Sydney
164,3JMOZD2qixTTLRW9I6JuF4,Live 2003,4o0q6U6VX4a0VTZ06GOxg2,See You Soon - Live in Sydney
165,3JMOZD2qixTTLRW9I6JuF4,Live 2003,4CCr8SvmOrHpPKeA5e0ogE,Shiver - Live in Sydney
166,3JMOZD2qixTTLRW9I6JuF4,Live 2003,7IWbp0yWEF8nNjMLbKF0pU,Everything's Not Lost - Live in Sydney
167,3JMOZD2qixTTLRW9I6JuF4,Live 2003,1n7a6D28s08972ImtPtaxX,Moses - Live in Sydney
168,3JMOZD2qixTTLRW9I6JuF4,Live 2003,6cR5WracqJzYoH80lSKW0L,Yellow - Live in Sydney
169,3JMOZD2qixTTLRW9I6JuF4,Live 2003,3cYgC50pVnjPKuh6b0xmZk,Clocks - Live in Sydney
170,3JMOZD2qixTTLRW9I6JuF4,Live 2003,3osu6FKSmLJJmqnRw5R90G,In My Place - Live in Sydney
171,3JMOZD2qixTTLRW9I6JuF4,Live 2003,3TQs5AmPNEnnTNSXzCQV7G,Amsterdam - Live in Sydney
172,0RHX9XECH8IVI3LNgWDpmQ,A Rush of Blood to the Head,0u35Dpz37TY2M2j20RUdMf,Politik
173,0RHX9XECH8IVI3LNgWDpmQ,A Rush of Blood to the Head,2nvC4i2aMo4CzRjRflysah,In My Place
174,0RHX9XECH8IVI3LNgWDpmQ,A Rush of Blood to the Head,4hf0hL4kWyjWztZzVsM39V,God Put a Smile upon Your Face
175,0RHX9XECH8IVI3LNgWDpmQ,A Rush of Blood to the Head,75JFxkI2RXiU7L9VXzMkle,The Scientist
176,0RHX9XECH8IVI3LNgWDpmQ,A Rush of Blood to the Head,0BCPKOYdS2jbQ8iyB56Zns,Clocks
177,0RHX9XECH8IVI3LNgWDpmQ,A Rush of Blood to the Head,4fP4xTSBli3tKck172LEZ4,Daylight
178,0RHX9XECH8IVI3LNgWDpmQ,A Rush of Blood to the Head,3ou9rSNUQnE7XYmJkUUIOc,Green Eyes
179,0RHX9XECH8IVI3LNgWDpmQ,A Rush of Blood to the Head,4bPkBHKLKd9WHizsvM2zV3,Warning Sign
180,0RHX9XECH8IVI3LNgWDpmQ,A Rush of Blood to the Head,7KolrFGhfDi1JTSgQBT5sI,A Whisper
181,0RHX9XECH8IVI3LNgWDpmQ,A Rush of Blood to the Head,4JJ5zGKnb1IpERyBrfmb1y,A Rush of Blood to the Head
182,0RHX9XECH8IVI3LNgWDpmQ,A Rush of Blood to the Head,2uQ4px5SPONsgcUpulywIQ,Amsterdam
183,6ZG5lRT77aJ3btmArcykra,Parachutes,2QhURnm7mQDxBb5jWkbDug,Don't Panic
184,6ZG5lRT77aJ3btmArcykra,Parachutes,0qksx8mV28lztYIZ1om8ml,Shiver
185,6ZG5lRT77aJ3btmArcykra,Parachutes,2mLgOcRkEgq89j8WstUpui,Spies
186,6ZG5lRT77aJ3btmArcykra,Parachutes,7D0RhFcb3CrfPuTJ0obrod,Sparks
187,6ZG5lRT77aJ3btmArcykra,Parachutes,3AJwUDP919kvQ9QcozQPxg,Yellow
188,6ZG5lRT77aJ3btmArcykra,Parachutes,0R8P9KfGJCDULmlEoBagcO,Trouble
189,6ZG5lRT77aJ3btmArcykra,Parachutes,4qzoHxgp42ylb18ga1SWTL,Parachutes
190,6ZG5lRT77aJ3btmArcykra,Parachutes,2DHgvPQD1jApRnT1DBZdrS,High Speed
191,6ZG5lRT77aJ3btmArcykra,Parachutes,5TB6QgrF0RPIxSCGfRDLoe,We Never Change
192,6ZG5lRT77aJ3btmArcykra,Parachutes,1RNtm45kw0hPMBz7gKiIYu,Everything's Not Lost - Includes Hidden Track 'Life Is For Living'
193,574iaZA34RiT9rM1F2s2IM,Biutyful,4TcCbhzD4caTdkkvkS45oa,Biutyful
194,7lbSZjlBsWuXtR3WqsdOSN,Let Somebody Go (Ofenbach Remix),1pDrM3rKlxA9fx3mShxzqx,Let Somebody Go - Ofenbach Remix
195,1mbwiDXEr8l6mK7o76dqyu,Let Somebody Go (Piano Version),2zVeRtqrrRXpCizKlywvvr,Let Somebody Go - Piano Version
196,1mbwiDXEr8l6mK7o76dqyu,Let Somebody Go (Piano Version),2PLNTLPqbL2AzjVPuyggw5,Let Somebody Go - Kygo Remix
197,1mbwiDXEr8l6mK7o76dqyu,Let Somebody Go (Piano Version),59GSz2S248YmyMYavpcxFI,Let Somebody Go - Single Version
198,1mbwiDXEr8l6mK7o76dqyu,Let Somebody Go (Piano Version),2tFbT0atd7zQxTqa2l1Pf1,Let Somebody Go
199,7EZAIhKzfjXbAsL0hrQjGF,Let Somebody Go (Kygo Remix),31JwHrEcDWkilfTkFZlKNr,Let Somebody Go - Kygo Remix
200,7EZAIhKzfjXbAsL0hrQjGF,Let Somebody Go (Kygo Remix),30sT4ZOHeVcPESnIsiofQb,Let Somebody Go - Single Version
201,7EZAIhKzfjXbAsL0hrQjGF,Let Somebody Go (Kygo Remix),3zZl8eEazg9rs9VpgFT5lP,Let Somebody Go
202,0vS8EETjc2cnCu5j32uxxq,Let Somebody Go,1d8Pn4akKfdadbavUjAGoS,Let Somebody Go - Single Version
203,0vS8EETjc2cnCu5j32uxxq,Let Somebody Go,4ImOgexLVNBnBfK1Gzq7Jw,Let Somebody Go
204,5WSVBLmTp6Fgjm2Dwyu3vr,Spotify Singles,4KiWjFLX5A3oUY40OL0FAh,Let Somebody Go - Spotify Singles
205,5WSVBLmTp6Fgjm2Dwyu3vr,Spotify Singles,6M0tj2hONdMEveSWg3JdQG,Day ‚Äòn‚Äô Nite - Spotify Singles
206,4LcW19D6W1nHpvcJV5s2QI,My Universe (David Guetta Remix),5FvxRvrQ8qzKjBJ6ST9aiu,My Universe - David Guetta Remix
207,7eMHMiz2uvtDDMbvKRJxlP,My Universe (Galantis Remix),1DlczmjByrS4qxRVfGjpqN,My Universe - Galantis Remix
208,6iVS1t7wQUHItUnCxH7epG,My Universe,6nhc3daOpKaZBRj2ZFWfc7,My Universe - Acoustic Version
209,6iVS1t7wQUHItUnCxH7epG,My Universe,6Lgbf4b6c9fwz24eFEWONX,My Universe - Supernova 7 Mix
210,6iVS1t7wQUHItUnCxH7epG,My Universe,7btzRuXC6Ed3rIyomBRkO2,My Universe
211,3oWWeH4gpNsJG0KyGaBoEd,My Universe (SUGA's Remix),6BeOJPXMstvXolxKbL09kR,My Universe - SUGA's Remix
212,0G0WNcM706ASd6n7UxXuKu,Coloratura,6P2Y4KnF2x8uwZV2cZWA8t,Coloratura
213,2D9sJsmo3tSSxkxrMkEoei,Overtura,4b4vxX76SDUbp7chM24TU9,Overtura - Music Of The Spheres album trailer
214,5QuWXn0Hco1qqQh3xbZQWW,Higher Power (Alyx Ander Remix),2NAmYjYKmqYQzLxFtszJ9Z,Higher Power - Alyx Ander Remix
215,5QuWXn0Hco1qqQh3xbZQWW,Higher Power (Alyx Ander Remix),4tJJOIQVtzIG9i21VHu35z,Higher Power
216,4VsMbx69vl5FmhkosEa9By,Higher Power (Acoustic Version),6pEoxM3fluEh1Cbh6ODkWH,Higher Power - Acoustic Version
217,4VsMbx69vl5FmhkosEa9By,Higher Power (Acoustic Version),77jJZBmiozygu5IYfPun2B,Higher Power
218,31uapL5Q92IadPRWycdPKK,Higher Power (Ti√´sto Remix),04zCkONaIDxTx2gDjV1yCd,Higher Power - Ti√´sto Remix
219,0kqW9S1stTTI6dsC6JztJf,Higher Power (ZHU Remix),1YLGtZjDKyY0Qkv4QlX31b,Higher Power - ZHU Remix
220,6wiPmk3powmcz3G7zr6krg,Higher Power,0939D7aT18uBDS2MTjWzct,Higher Power
221,4JYjZh7R8F7Na5x1lVqOl9,Flags,2RZ8SjEJYJHZ8YCUzls77w,Flags
222,1YFEfpOP0NJFr4my1WZJgA,Champion Of The World (Live at NPR's Tiny Desk),46mtcgDcwjjcherBLHMWH3,Champion Of The World - Live at NPR's Tiny Desk
223,1qAJNklFUgIft4H4mzxg4j,Champion of The World / Daddy,6R7Y33u24Z82KCa4ZzI8gp,Champion Of The World
224,1qAJNklFUgIft4H4mzxg4j,Champion of The World / Daddy,3nbFvropl2lgg6X3DAnkgf,Daddy
225,1qAJNklFUgIft4H4mzxg4j,Champion of The World / Daddy,26ModS8Sh2imwUNyJjW1ci,Orphans
226,1qAJNklFUgIft4H4mzxg4j,Champion of The World / Daddy,3PhvUgvmx5p0frJIWoizGm,Arabesque
227,1qAJNklFUgIft4H4mzxg4j,Champion of The World / Daddy,6QjjiguISZfiUGm21NrMDi,Everyday Life
228,2BFaHYLKy6IvNfD0zi5EQW,Orphans (Muzi Remix),5x5SYDpamwxXJG675ArNMr,Orphans - Muzi Remix
229,1SnoyXTgl1jmhfmPwpKDCI,Orphans / Arabesque,6YQlCOZnlFmqeciAh58fDE,Orphans
230,1SnoyXTgl1jmhfmPwpKDCI,Orphans / Arabesque,2Z1HknKRrvUv5cheidF8Ag,Arabesque
231,03xqQj7XQVURFr9sQPAaW3,A Head Full of Dreams (Live in Buenos Aires),1lsL8gqaWtPb69tTWKd7dg,A Head Full of Dreams - Live in Buenos Aires
232,5g86lbcRBgzbPEmtUkk1lO,Fix You (Live in Buenos Aires),6Slp0UIP9kNDa7I2g11D0P,Fix You - Live in Buenos Aires
233,229vMTRfCZPiON0Sw6Y2Uz,Viva La Vida (Live in Buenos Aires),2i7F7cm3ym5a1fGEEmn0GZ,Viva La Vida - Live in Buenos Aires
234,3pg2wMCqJzTksen01JRptU,A L I E N S (Markus Dravs Remix),5XQGVOIgKyXhcv9TrQQAH0,A L I E N S - Markus Dravs Remix
235,0CE9VXSH70pz4BQzMPm9gO,Kaleidoscope EP,6V6goat94tTJOWXXKZstNX,All I Can Think About Is You
236,0CE9VXSH70pz4BQzMPm9gO,Kaleidoscope EP,6uJwPeBGb3swi85TSr9iIz,Miracles (Someone Special)
237,0CE9VXSH70pz4BQzMPm9gO,Kaleidoscope EP,2bS2ADg123NZWfTUsjra8a,A L I E N S
238,0CE9VXSH70pz4BQzMPm9gO,Kaleidoscope EP,255wsg35VRYqBK7uBtYOUz,Something Just Like This - Tokyo Remix
239,0CE9VXSH70pz4BQzMPm9gO,Kaleidoscope EP,7HBnZdg7fIQwqMhQhci0VV,Hypnotised - EP Mix
240,0fRM4P5M8FiRTpiCFWrsMY,A L I E N S,6pwvH9LfroBLqd3dez9vBz,A L I E N S
241,2i3pQGt2uzVfWL8LeFewmI,Something Just Like This (Tokyo Remix),5ffwnb6hqsKZp8cG6q90OW,Something Just Like This - Tokyo Remix
242,6E8RU4JTgtxnUT3BT0yOdb,All I Can Think About Is You,4gDyoe1FImDlXVt58ssnMf,All I Can Think About Is You
243,165kxlULHc34us8oU420iw,Hypnotised,5LXj9Ch3O9ATm1NoHT8GXn,Hypnotised
244,573eP6oKtAJDqnpco7Fn9c,Live from Spotify London,6U8VHaQxzECez4TSt0nmiP,Everglow - Live from Spotify London
245,573eP6oKtAJDqnpco7Fn9c,Live from Spotify London,6qt0IWS8y6yGR6gNTEmQzj,Viva La Vida - Live from Spotify London
246,573eP6oKtAJDqnpco7Fn9c,Live from Spotify London,2XiSB3m4WSkxD3xIUrYHfV,Adventure of a Lifetime - Live from Spotify London
247,573eP6oKtAJDqnpco7Fn9c,Live from Spotify London,33koOQs551ijjVmLbmrcDc,Yellow - Live from Spotify London
248,573eP6oKtAJDqnpco7Fn9c,Live from Spotify London,4QVdnpSO5JGMFOEl6ys4RQ,Christmas Lights - Live from Spotify London
249,6LRAUvjNMdUieHc8RcpHQU,Everglow,6aG68QSwv0hgNTq90I2GOE,Everglow - Edit
250,6LRAUvjNMdUieHc8RcpHQU,Everglow,6r2BFEIErNwG0owW4rOQB8,Everglow
251,46ElgN92j4wktUnUkxUFKR,Up&Up (Freedo Remix),2KIgC0WnwwcDPgv8ClxXfi,Up&Up - Freedo Remix
252,39CemyWzo6fJbvbAyICDrj,Up&Up,4a8pP5X2lxwU5aprY44jLn,Up&Up
253,6HtLkpRPDhS1wUcDzE50hd,Adventure of a Lifetime (Yotto Remix),3ivkGuXGHASgnWz4bsj8Gs,Adventure of a Lifetime - Yotto Remix
254,0ezwRysfWCrR5tDgpBwkIw,Hymn for the Weekend (Seeb Remix),6s3GEN8wK0OMzzzZbXj0fu,Hymn for the Weekend - Seeb Remix
255,1TbYQD52H9tKtZine3mHHJ,Adventure of a Lifetime (Matoma Remix),2So9pYqQ0JWvFhasJfI871,Adventure of a Lifetime - Matoma Remix
256,0TWPnJaGqeZB6bfdAcsfIj,Adventure of a Lifetime,4MFCXniy7I8tj0GXtf3wgC,Adventure of a Lifetime
257,0CvMcLab5Xb0KL7gsQfhhv,A Sky Full of Stars (Hardwell Remix),0WZVGXO8FYpK8v1IDxlOyE,A Sky Full of Stars - Hardwell Remix
258,5TJzsFUF2RUzrje51UmkhG,True Love (Davide Rossi Remix),4CRLyVo5LyxF8SwMeJgkhw,True Love - Davide Rossi Remix
259,4HVHqL4eLFnDleC56Y2x2T,"Ink (Live at Le Casino De Paris, Paris)",1mGgylKLTWRSfYEEPVaSCW,"Ink - Live at Le Casino De Paris, Paris"
260,2jQB4YEh4xWhloG21IueUf,A Sky Full of Stars,2nzI2futOM8isgXNKAlQ1m,A Sky Full of Stars
261,2jQB4YEh4xWhloG21IueUf,A Sky Full of Stars,5RcZ84RmZ0TVTZQR3fWHoG,All Your Friends
262,2jQB4YEh4xWhloG21IueUf,A Sky Full of Stars,0VAQB7OYAoeRZH7sLmhVT6,Ghost Story
263,2jQB4YEh4xWhloG21IueUf,A Sky Full of Stars,1NleqQdTDGWJBk0bVxldab,O - Reprise
264,7tI4UrXr27WbduHuVJlCp5,Midnight (Kygo Remix),2CoWJhDYVENsByS7rPInSr,Midnight - Kygo Remix
265,62TTFY17j9p0BgEBI3DHTb,Midnight (Jon Hopkins Remix),7ryl6iLS4kC089VECbL07p,Midnight - Jon Hopkins Remix
266,32aC9I2Vt9HgIOS2v0eHoZ,Midnight,0UrvIS9YOQL814w4LCtNGB,Midnight
267,5pUVbNp8AeHd6Vt8bJWShA,Midnight (Giorgio Moroder Remix),65cBIwdOMbTPEY8D9V7aRp,Midnight - Giorgio Moroder Remix
268,4cCfFozyo6JC8acN8uIP7u,Magic,27jdUE1EYDSXZqhjuNxLem,Magic
269,1aJ1PDNjC6ZzEu74BkmGE4,Atlas (From ‚ÄúThe Hunger Games: Catching Fire‚Äù Soundtrack),2DI0fZ4QZmLtapszYaoG6F,Atlas - From ‚ÄúThe Hunger Games: Catching Fire‚Äù Soundtrack
270,3yddXawPNWK9qUDqB2UMY7,Princess of China,6XJ2PVp2Vs9G2j5B2Cbbnb,Princess of China - Radio Edit
271,3yddXawPNWK9qUDqB2UMY7,Princess of China,2f3XEVeU7g6vZgK2BmyIg8,Princess of China - Invisible Men Remix
272,3yddXawPNWK9qUDqB2UMY7,Princess of China,0pjMTISKHTJkogN1BPZxaC,Paradise - Ti√´sto Remix
273,3yddXawPNWK9qUDqB2UMY7,Princess of China,2tKqZsc0epdLrsNUT6y0Ls,Princess of China - Acoustic
274,1oXauHeoAxhtOFX82nlun7,Every Teardrop Is a Waterfall,5lRG8ZTNtyLUO1wzh62TWv,Every Teardrop Is a Waterfall
275,1oXauHeoAxhtOFX82nlun7,Every Teardrop Is a Waterfall,1izA7wgOZRuDup2WcE7lo4,Major Minus
276,1oXauHeoAxhtOFX82nlun7,Every Teardrop Is a Waterfall,0kuv7BqWNDprDao3Tb5flN,Moving to Mars
277,06CvxUVwS8h2aJYcCtApgy,Christmas Lights,4fzyvSu73BhGvi96p2zwjL,Christmas Lights
278,5JyRcNcdZ8uf5vGH4b6ljZ,Strawberry Swing,06inBM2SUiyg3nGDC2KvUG,Strawberry Swing
279,0He4NsgYFCODLfBKH0y3ln,Life in Technicolor ii,1sbkNZZh1Mcw4dSA5AB8jQ,Life in Technicolor ii
280,0He4NsgYFCODLfBKH0y3ln,Life in Technicolor ii,5kUpX8qTX6yXBJHK8UwBEF,"Life in Technicolor ii - Live at the O2, London"
281,0He4NsgYFCODLfBKH0y3ln,Life in Technicolor ii,7jWasg4ilKcOwcrGPI0CT1,The Goldrush
282,3J6zaHMhIAWJtxhWpOdLBZ,Lost!,55Qm6iVvo1OMeoXc8elnmj,Lost!
283,3J6zaHMhIAWJtxhWpOdLBZ,Lost!,7lFdAhKhZs5lpjAVX8OzIj,Lost?
284,3J6zaHMhIAWJtxhWpOdLBZ,Lost!,69joApFuCALBP6TPrK9bgL,"Lost@ - Live at the United Center, Chicago, IL"
285,3J6zaHMhIAWJtxhWpOdLBZ,Lost!,4SwVcoBjjawbnexIiUDLc5,Lost+ (with Jay-Z)
286,2JJtOvxbxzUJsDVVyYZZPJ,Viva La Vida,6WrUT7FOAlDscRWU7ndmyd,Viva La Vida
287,2JJtOvxbxzUJsDVVyYZZPJ,Viva La Vida,5XXjAYhslP3i0eDc8LSxDU,Death Will Never Conquer
288,4wJv7WIe2AL1JCItb7kNpE,Prospekt's March,0nwUHBAQUU7PBODDotXAj2,Life in Technicolor ii
289,4wJv7WIe2AL1JCItb7kNpE,Prospekt's March,0uoBuKobbqAPEqb0OoupDa,Postcards from Far Away
290,4wJv7WIe2AL1JCItb7kNpE,Prospekt's March,58O9MpgU58ESGXnQaS9lbV,Glass of Water
291,4wJv7WIe2AL1JCItb7kNpE,Prospekt's March,2UKANmWjixnXMAnpbkdTeR,Rainy Day
292,4wJv7WIe2AL1JCItb7kNpE,Prospekt's March,4DTVEYAhnvSWlxwXEn6Hf0,Prospekt's March / Poppyfields
293,4wJv7WIe2AL1JCItb7kNpE,Prospekt's March,3UqcnvnkZtYEczBKaVFY7B,Lost+ (with Jay-Z)
294,4wJv7WIe2AL1JCItb7kNpE,Prospekt's March,6vpVENLQWQXUHduMKnwaaR,Lovers in Japan - Osaka Sun Mix
295,4wJv7WIe2AL1JCItb7kNpE,Prospekt's March,2QHcUdTFtkUqeQEVhTcd7M,Now My Feet Won't Touch the Ground
296,2Pc9C27OlgTTtjvFxulqgG,Violet Hill,5GkNsL57ICbvte2aqyRkYD,Violet Hill
297,2Pc9C27OlgTTtjvFxulqgG,Violet Hill,59Mg99pBZJFtvgSKIQTMMw,A Spell a Rebel Yell
298,2dlacdThpQkKMsjHIomtu8,The Hardest Part,6VfvwCxKaNnuVU4Mugu5k1,The Hardest Part
299,2dlacdThpQkKMsjHIomtu8,The Hardest Part,0hCYORw7uzYRXdrZ88vN2t,How You See the World - Live from Earls Court
300,0Pfwiiwar1e7p5N7r8Wdeb,Talk,5IBwC8rJQd8BdrQyW4KgNN,Talk - Junkie XL Remix
301,0Pfwiiwar1e7p5N7r8Wdeb,Talk,34vsOHBZ1iMFANaeXaRF1Q,Talk - Francois K Dub
302,0Pfwiiwar1e7p5N7r8Wdeb,Talk,6fMpfMEnQ9qjtPAZWEit5Q,Talk - Thin White Duke Mix
303,6CbCdwVGEff1wKT5bxNtOR,Fix You,6YAbIZPjyQ5euHxyxUgRoQ,Fix You
304,6CbCdwVGEff1wKT5bxNtOR,Fix You,29RjYJw9AahhQJaZgdPy2E,The World Turned Upside Down
305,6CbCdwVGEff1wKT5bxNtOR,Fix You,0PYRZQ90udhd9Bnv5d8rUb,Pour Me - Live at the Hollywood Bowl
306,2VjLPaSmVItKbYhx7ZHBmE,Speed of Sound,1ExW9geJzAZZH0xzsWvCcw,Speed of Sound
307,2VjLPaSmVItKbYhx7ZHBmE,Speed of Sound,4Ou7ZLhdumcXYM2PcAJdjT,Things I Don't Understand
308,2VjLPaSmVItKbYhx7ZHBmE,Speed of Sound,69OzdUaEpLuIQIQ2L4Y2xt,Proof
309,0Uk9J6k7ZV1SCsezKHCg6w,2000 Miles,5v1SC5d3F8VHwqkXx53f7d,2000 Miles
310,5ZHXwTzxonEauEvYWIgBfw,God Put a Smile upon Your Face,68g7rYVFesprisLiHLeIvo,God Put a Smile upon Your Face
311,5ZHXwTzxonEauEvYWIgBfw,God Put a Smile upon Your Face,6FNYoIM6xtaH1mBlLwDMvM,Murder
312,1hnFNY7vQA0VipdplCdhPJ,Clocks,2Ygs64z9ywJGakuKU8tr6o,Clocks
313,1hnFNY7vQA0VipdplCdhPJ,Clocks,5ZMqdwtZvvNrpUUTijZem6,Crests of Waves
314,1hnFNY7vQA0VipdplCdhPJ,Clocks,59tjfzA98dum1TXhJ4XWoe,Animals
315,67eXmDByt2bonypIe2vJsN,Murder,41qujRJ7RG759UklwNHStb,Murder
316,2fycwGrq4XpHHWoLR4hOzF,In My Place,2aXZp30TocFnABRPF1Isrl,In My Place
317,2fycwGrq4XpHHWoLR4hOzF,In My Place,5YahO7aySL2lyj6DW2tS9q,One I Love
318,2fycwGrq4XpHHWoLR4hOzF,In My Place,6MCvGN1ZTLa3PZkGnLWccm,I Bloom Blaum
319,4FtNaWzjhO9OXCRFEsSmuI,The Scientist,2LTl1pU074hnzAdy0SpHAb,The Scientist
320,4FtNaWzjhO9OXCRFEsSmuI,The Scientist,7fSFdF4ymvjiOIr1EzB2pu,1.36
321,4FtNaWzjhO9OXCRFEsSmuI,The Scientist,1DQoNwxygxmQVH972Ha75w,I Ran Away
322,1sPu7EQ1vbjG3A5GOqMVam,"Have Yourself a Merry Little Christmas (Jo Whiley, BBC Radio 1 Session)",4cLMJLCJS4tXQoH416h77P,"Have Yourself a Merry Little Christmas - Jo Whiley, BBC Radio 1 Session"
323,36Z4YfJRuw3r2VeHgNQbrF,Don't Panic,62XuJOHM33VyWgKwNoj6w9,Don't Panic
324,36Z4YfJRuw3r2VeHgNQbrF,Don't Panic,3YdUe6oSvMydx3ph6ZPbPY,You Only Live Twice - Live from Norway
325,5lVhDQnJYSknv2vLRX9ifV,Trouble,7KCYwV1RiwbRnWN7ofzkNL,Trouble
326,5lVhDQnJYSknv2vLRX9ifV,Trouble,4E1puwynQif5GJqPEXj35p,Brothers & Sisters
327,5lVhDQnJYSknv2vLRX9ifV,Trouble,3Hpx4F7A30l7FiQddY6aYw,Shiver (Jo Whiley Lunchtime Social)
328,3TQANfSeYZtl5rpNjYyR6U,Yellow,3e0wYnFxkqinmtXebYPMSt,Yellow
329,3TQANfSeYZtl5rpNjYyR6U,Yellow,1AmYC6YsrtkxpTfiv3nFBn,Help Is Round the Corner
330,3TQANfSeYZtl5rpNjYyR6U,Yellow,7dmCmBBaWAQlCBAkcqMu99,No More Keeping My Feet on the Ground
331,2rd83EFsdLMTyrgVizvpxX,Shiver,6LFG5WLD8KWSb308OU35q9,Shiver
332,2rd83EFsdLMTyrgVizvpxX,Shiver,6hQ1OH4kWqkjxpZQt0rNwr,For You
333,2rd83EFsdLMTyrgVizvpxX,Shiver,6V3U7whxAMRzOLTli2zt26,Careful Where You Stand
334,3MVb2CWB36x7VwYo5sZmf2,The Blue Room,5DJtltTQQvcFhP65SFqKxq,Bigger Stronger
335,3MVb2CWB36x7VwYo5sZmf2,The Blue Room,0MbCcvzLYu3xq6OgEkSbhC,Don't Panic
336,3MVb2CWB36x7VwYo5sZmf2,The Blue Room,1uKzAldJYlwje9HstlwTie,See You Soon
337,3MVb2CWB36x7VwYo5sZmf2,The Blue Room,2nhjxNFCXbnYBpCbrmT1Ol,High Speed
338,3MVb2CWB36x7VwYo5sZmf2,The Blue Room,3c1NaLIIBoFof2nrDeUlc1,Such a Rush
339,1As5m9qcOZtuFzdlzCkrzI,Brothers & Sisters,6BMIgTmZAihjW5MKEo7gvV,Brothers & Sisters
340,1As5m9qcOZtuFzdlzCkrzI,Brothers & Sisters,6KHZ9SElsSmjQI7B9D0e4P,Easy To Please
341,1As5m9qcOZtuFzdlzCkrzI,Brothers & Sisters,4eJNA83TrqZ3S6LSyK8rSf,Only Superstition
